<eml:eml xmlns:eml="eml://ecoinformatics.org/eml-2.1.1"
         xmlns:dc="http://purl.org/dc/terms/"
         xmlns:xsi="http://www.w3.org/2001/XMLSchema-instance"
         xsi:schemaLocation="eml://ecoinformatics.org/eml-2.1.1 http://rs.gbif.org/schema/eml-gbif-profile/1.1/eml.xsd"
         packageId="c47f13c1-7427-45a0-9f12-237aad351040/v1.2" system="http://gbif.org" scope="system"
         xml:lang="eng">

<dataset>
  <alternateIdentifier>c47f13c1-7427-45a0-9f12-237aad351040</alternateIdentifier>
  <alternateIdentifier>http://data.nina.no:8080/ipt/resource?r=line-transect_data_tetraonidae_fefo</alternateIdentifier>
  <title xml:lang="eng">Tetraonid line transect surveys from Norway: Data from Finnmarkseiendommen (FeFo)</title>
      <creator>
    <individualName>
        <givenName>Erlend B.</givenName>
      <surName>Nilsen</surName>
    </individualName>
    <organizationName>Norwegian Institute for Nature Research</organizationName>
    <positionName>Senior Research Scientist</positionName>
    <address>
        <deliveryPoint>Postboks 5685 Torgarden</deliveryPoint>
        <city>Trondheim</city>
        <postalCode>7485</postalCode>
        <country>NO</country>
    </address>
    <phone>+4741425684</phone>
    <electronicMailAddress>erlend.nilsen@nina.no</electronicMailAddress>
          <userId directory="http://orcid.org/">0000-0002-5119-8331</userId>
      </creator>
      <creator>
    <individualName>
        <givenName>Roald</givenName>
      <surName>Vang</surName>
    </individualName>
    <organizationName>Norwegian Institute for Nature Research</organizationName>
    <positionName>Data Manager</positionName>
    <address>
        <deliveryPoint>Postboks 5685 Torgarden</deliveryPoint>
        <city>Trondheim</city>
        <postalCode>7485</postalCode>
        <country>NO</country>
    </address>
    <electronicMailAddress>roald.vang@nina.no</electronicMailAddress>
          <userId directory="http://orcid.org/">0000-0002-4006-8689</userId>
      </creator>
      <creator>
    <individualName>
        <givenName>Einar</givenName>
      <surName>Asbjørnsen</surName>
    </individualName>
    <organizationName>Finnmarkseiendommen (FeFo)</organizationName>
    <address>
        <deliveryPoint>Torget</deliveryPoint>
        <city>Lakselv</city>
        <country>NO</country>
    </address>
    <electronicMailAddress>eja@fefo.no</electronicMailAddress>
    <onlineUrl>http://www.fefo.no</onlineUrl>
      </creator>
      <metadataProvider>
    <individualName>
        <givenName>Erlend B.</givenName>
      <surName>Nilsen</surName>
    </individualName>
    <organizationName>Norwegian Institute for Nature Research</organizationName>
    <positionName>Senior Research Scientist</positionName>
    <address>
        <deliveryPoint>Postboks 5685 Torgarden</deliveryPoint>
        <postalCode>7485</postalCode>
        <country>NO</country>
    </address>
    <electronicMailAddress>erlend.nilsen@nina.no</electronicMailAddress>
          <userId directory="http://orcid.org/">0000-0002-5119-8331</userId>
      </metadataProvider>
      <metadataProvider>
    <individualName>
        <givenName>Roald</givenName>
      <surName>Vang</surName>
    </individualName>
    <organizationName>Norwegian Institute for Nature Research</organizationName>
    <positionName>Data Manager</positionName>
    <address>
        <deliveryPoint>Postboks 5685 Torgarden</deliveryPoint>
        <city>Trondheim</city>
        <postalCode>7485</postalCode>
        <country>NO</country>
    </address>
    <electronicMailAddress>roald.vang@nina.no</electronicMailAddress>
          <userId directory="http://orcid.org/">0000-0002-4006-8689</userId>
      </metadataProvider>
      <associatedParty>
    <individualName>
        <givenName>Erlend B.</givenName>
      <surName>Nilsen</surName>
    </individualName>
    <organizationName>Norwegian Institute for Nature Research</organizationName>
    <positionName>Senior Research Scientist</positionName>
    <address>
        <deliveryPoint>Postboks 5685 Torgarden</deliveryPoint>
        <city>Trondheim</city>
        <postalCode>7485</postalCode>
        <country>NO</country>
    </address>
    <phone>+4741425684</phone>
    <electronicMailAddress>erlend.nilsen@nina.no</electronicMailAddress>
          <userId directory="http://orcid.org/">0000-0002-5119-8331</userId>
    <role>principalInvestigator</role>
      </associatedParty>
      <associatedParty>
    <individualName>
        <givenName>Einar</givenName>
      <surName>Asbjørnsen</surName>
    </individualName>
    <organizationName>Finnmarkseiendommen (FeFo)</organizationName>
    <address>
        <deliveryPoint>Torget</deliveryPoint>
        <city>Lakselv</city>
        <country>NO</country>
    </address>
    <electronicMailAddress>eja@fefo.no</electronicMailAddress>
    <onlineUrl>http://www.fefo.no</onlineUrl>
    <role>owner</role>
      </associatedParty>
  <pubDate>
      2018-03-02
  </pubDate>
  <language>eng</language>
  <abstract>
    <para>The dataset originates from a line transect survey program in Finnmark county in northern Norway carried out from 2000- and onward. The surveys are part of a national program - Hønsefuglportalen (http://honsefugl.nina.no), operated in close collaboration among NINA (www.nina.no), Nord University (www.nord.no), Inland Norway University of Applied Sciences (www.inn.no) as well as landowners responsible for grouse management on their properties (state-owned land on Finnmarkseiendommen (FeFo), Statskog, and Fjellstyrene, as well as several private landowners).</para>
    <para>In general, NINA offers common e-infrastructure for data entry, data curation, management of users and communication from the project (http://honsefugl.nina.no). NINA together with the involved universities are offering advice regarding sampling design, and has developed a standard field protocol used by all participating stakeholders. The specific part of the program carried out on FeFo&apos;s property is operated in collaboration between NINA and FeFo, with clear and distinct allocation of tasks and responsibilities between the parties. FeFo is responsible for conducting field work, as well as final decisions regarding allocation of transect lines among study areas. </para>
    <para>Surveys are carried out mainly by volunteer personnel instructed to follow standardized field protocols. Field work is carried out annually in August, with a team of two persons following pre-defined transect lines, using trained pointing dogs to search both sides of the transect line. When birds are observed, species, cluster size (separated into age- and sex classes), perpendicular distances from the transect line to the observed cluster of birds, GPS coordinates of the clusters and time of day are recorded. In addition, length (and geographical position) of the transect line is recorded, as well as some other auxiliary data.</para>
  </abstract>
      <keywordSet>
            <keyword>Sampling-event</keyword>
            <keyword>Line-transect</keyword>
            <keyword>Distance sampling</keyword>
            <keyword>grouse</keyword>
            <keyword>ptarmigan</keyword>
        <keywordThesaurus>GBIF Dataset Type Vocabulary: http://rs.gbif.org/vocabulary/gbif/dataset_type.xml</keywordThesaurus>
      </keywordSet>
  <intellectualRights>
    <para>This work is licensed under a <ulink url="http://creativecommons.org/licenses/by/4.0/legalcode"><citetitle>Creative Commons Attribution (CC-BY) 4.0 License</citetitle></ulink>.</para>
  </intellectualRights>
  <distribution scope="document">
    <online>
      <url function="information">http://honsefugl.nina.no</url>
    </online>
  </distribution>
  <coverage>
      <geographicCoverage>
          <geographicDescription>This data set includes data from Finnmark county in Norway</geographicDescription>
        <boundingCoordinates>
          <westBoundingCoordinate>20.522</westBoundingCoordinate>
          <eastBoundingCoordinate>31.113</eastBoundingCoordinate>
          <northBoundingCoordinate>71.23</northBoundingCoordinate>
          <southBoundingCoordinate>68.544</southBoundingCoordinate>
        </boundingCoordinates>
      </geographicCoverage>
          <taxonomicCoverage>
              <generalTaxonomicCoverage>This line transect program focus on tetraonid gamebirds (subfamiliy: Tetraoninae - family: Phasianidae), which in Norway include willow ptarmigan (Lagopus lagopus), rock ptarmigan (Lagopus muta), black grouse (Tetrao tetrix), capercaillie (Tetrao urogallus) and hazel grouse (Bonasa bonasia). Not all species are found all of the areas where the line transect surveys in this program are performed. Most of the surveys target willow ptarmigan monitoring, which is also reflected in the spatial distribution of survey lines.</generalTaxonomicCoverage>
              <taxonomicClassification>
                  <taxonRankName>species</taxonRankName>
                <taxonRankValue>Lagopus lagopus</taxonRankValue>
                  <commonName>Willow ptarmigan</commonName>
              </taxonomicClassification>
              <taxonomicClassification>
                  <taxonRankName>species</taxonRankName>
                <taxonRankValue>Lagopus muta</taxonRankValue>
                  <commonName>Rock ptarmigan</commonName>
              </taxonomicClassification>
              <taxonomicClassification>
                  <taxonRankName>species</taxonRankName>
                <taxonRankValue>Tetrao tetrix</taxonRankValue>
                  <commonName>Black grouse</commonName>
              </taxonomicClassification>
              <taxonomicClassification>
                  <taxonRankName>species</taxonRankName>
                <taxonRankValue>Tetrao urogallus</taxonRankValue>
                  <commonName>Capercaillie</commonName>
              </taxonomicClassification>
              <taxonomicClassification>
                  <taxonRankName>species</taxonRankName>
                <taxonRankValue>Bonasa bonasia</taxonRankValue>
                  <commonName>Hazel grouse</commonName>
              </taxonomicClassification>
          </taxonomicCoverage>
  </coverage>
  <maintenance>
    <description>
      <para>The data published in this set is from an ongoing monitoring program, with new data collected in August each year. New data will thus be added to the data set on an annual basis.</para>
    </description>
    <maintenanceUpdateFrequency>annually</maintenanceUpdateFrequency>
  </maintenance>

      <contact>
    <individualName>
        <givenName>Erlend B.</givenName>
      <surName>Nilsen</surName>
    </individualName>
    <organizationName>Norwegian Institute for Nature Research</organizationName>
    <positionName>Senior Research Scientist</positionName>
    <address>
        <deliveryPoint>Postboks 5685 Torgarden</deliveryPoint>
        <city>Trondheim</city>
        <postalCode>7485</postalCode>
        <country>NO</country>
    </address>
    <phone>+4741425684</phone>
    <electronicMailAddress>erlend.nilsen@nina.no</electronicMailAddress>
          <userId directory="http://orcid.org/">0000-0002-5119-8331</userId>
      </contact>
      <contact>
    <individualName>
        <givenName>Roald</givenName>
      <surName>Vang</surName>
    </individualName>
    <organizationName>Norwegian Institute for Nature Research</organizationName>
    <positionName>Data Manager</positionName>
    <address>
        <deliveryPoint>Postboks 5685 Torgarden</deliveryPoint>
        <city>Trondheim</city>
        <postalCode>7045</postalCode>
        <country>NO</country>
    </address>
    <electronicMailAddress>roald.vang@nina.no</electronicMailAddress>
          <userId directory="http://orcid.org/">0000-0002-4006-8689</userId>
      </contact>
      <contact>
    <individualName>
        <givenName>Einar</givenName>
      <surName>Asbjørnsen</surName>
    </individualName>
    <organizationName>Finnmarkseiendommen (FeFo)</organizationName>
    <address>
        <deliveryPoint>Torget</deliveryPoint>
        <city>Lakselv</city>
        <country>NO</country>
    </address>
    <electronicMailAddress>eja@fefo.no</electronicMailAddress>
    <onlineUrl>http://www.fefo.no</onlineUrl>
      </contact>
  <methods>
        <methodStep>
          <description>
            <para>Additional information could be found at &quot;http://honsefugl.nina.no&quot; or in Eriksen, L. F., P. F. Moa, and E. B. Nilsen. 2018. Quantifying risk of overharvest when implementation is uncertain. Journal of Applied Ecology 55:482-493. doi 10.1111/1365-2664.12992.</para>
          </description>
        </methodStep>
      <sampling>
        <studyExtent>
          <description>
            <para>Surveys are carried out annually in August, mainly in the period of 5th - 20th August. Specific locations of surveys have changed over the time period. A study site consist of a collection of two or more transect lines. Since 2013, sampling has been conducted in 25-30 study sites across 3 main regions. Since 2012, total annual effort has been approximately 400km per year.</para>
          </description>
        </studyExtent>
        <samplingDescription>
          <para>In August each year, field work is carried out by volunteer personnel instructed to follow a standardized field protocols. A team of two persons followe pre-defined transect lines, using trained pointing dogs to search both sides of the transect line. When birds are observed, species, cluster size (separated into age- and sex classes), perpendicular distances from the transect line to the observed cluster of birds, GPS coordinates and time of day is recorded. In addition, length (and position) of the transect line is recorded, as well as some other auxillary data.</para>
        </samplingDescription>
      </sampling>
      <qualityControl>
        <description>
          <para>Since the establishment of the common e-infrastrucure Hønsefuglportalen in 2013, quality control has been included at several stages of the process. First, the data entry forms are designed such that impossible or unlikely values are not allowed, and all data fields must be completed. Second, for each study site, a local administrator is responsible for quality control just after the annual field work period in August. Last, participating research institutions conduct additional quality control when analyzing data for management or scientific purposes.</para>
        </description>
      </qualityControl>
  </methods>
  <project >
    <title>Hønsefuglportalen: Common e-infrastructure, field protocols and coordination of tetraonid line transect sampling in Norway</title>
      <personnel>
        <individualName>
            <givenName>Erlend B.</givenName>
          <surName>Nilsen</surName>
        </individualName>
              <userId directory="http://orcid.org/">0000-0002-5119-8331</userId>
        <role>principalInvestigator</role>
      </personnel>
      <personnel>
        <individualName>
            <givenName>Hans Chr.</givenName>
          <surName>Pedersen</surName>
        </individualName>
              <userId directory="http://orcid.org/">0000-0003-4086-4535</userId>
        <role>contentProvider</role>
      </personnel>
      <personnel>
        <individualName>
            <givenName>Lars R.</givenName>
          <surName>Eriksen</surName>
        </individualName>
        <role>contentProvider</role>
      </personnel>
      <personnel>
        <individualName>
            <givenName>Marius</givenName>
          <surName>Kjønsberg</surName>
        </individualName>
        <role>contentProvider</role>
      </personnel>
      <personnel>
        <individualName>
            <givenName>Pål F.</givenName>
          <surName>Moa</surName>
        </individualName>
        <role>contentProvider</role>
      </personnel>
      <personnel>
        <individualName>
            <givenName>Mikkel J. </givenName>
          <surName>Kvasnes</surName>
        </individualName>
              <userId directory="http://orcid.org/">0000-0002-6603-337X</userId>
        <role>contentProvider</role>
      </personnel>
      <abstract>
        <para>These data are collected as part of an ongoing line transect survey program targeting tetraonids (gamebirds of subfamily Tetraoninae), in particular willow ptarmigan (Lagopus lagopus).</para>
      </abstract>
      <funding>
        <para>The program has been funded by several sources, following annual or multiyear contracts. In general, the landowners carries all the cost related to organization and actual performance of field work. In addition, the Environmental Agency of Norway (http://www.miljodirektoratet.no/en/) have supported the work through a series of contracts to NINA for the years 2012-2018. In addition, involved landowners are funding parts of the operating costs associated with running the infrastructure. Involved research institutions are using strategic funding to support the program.</para>
      </funding>
      <studyAreaDescription>
        <descriptor name="generic"
                    citableClassificationSystem="false">
          <descriptorValue>The project &quot;Hønsefuglportalen&quot; is covering relevant ecosystems across mainland Norway, and currently line transect surveys are carried out in 15 counties and more than 80 municipalities. Total effort recorded in 2017 was more than 7500km of line transect surveys, with more than 30.000 ptarmigans (willow and rock ptarmigan) recorded along the transect lines. Most of the surveys are carried out in willow ptarmigan habitat (i.e. sub-alpine birch forest habitat), but forest grouse and rock ptarmigan habitat are also surveyed to a lesser extent.</descriptorValue>
        </descriptor>
      </studyAreaDescription>
      <designDescription>
        <description>
          <para>Hønsefuglportalen was launched in 2013 to 1) coordinate local and regional tetraonid line transect survey initiatives to ensure implementation of common field protocols, analytical approaches and study designs, 2) to provide common e-infrastructure for data management and curation, 3) serve as a meeting point for further improvements of the line transect survey program as well as to provide a common meeting place for researchers and natural resource managers. Currently, field protocols are standardized among all participants of the program, and the parties are working to ensure all field workers have gone through adequate training programs. However, Hønsefuglportalen is facilitating collaboration among local and regional programs and was not initially designed as national monitoring program for grouse species. Thus, both effort and study design (in terms of line length and placement) may vary among study sites and regions. In addition, this resulted in considerable changes in local and regional study designs across the monitoring period. In general, Hønsefuglportalen (and the associated activities) could be regarded a structured citizen science program, intermediate to an unstructured citizen science program and a regular monitoring program. 
The main motivation for establishing the local and regional line transect survey programs was to obtain updated information about trends in abundance, in relation to harvest management. Later, including data collection of other main drivers of tetraonid dynamics (such as small rodents) along the transect lines have expanded the range of ecological questions that could be addressed with these data. The data from the program has formed the basis of a range of student theses and scientific papers.</para>
        </description>
      </designDescription>
  </project>
</dataset>
  <additionalMetadata>
    <metadata>
      <gbif>
          <dateStamp>2018-01-16T10:26:19.482+01:00</dateStamp>
          <hierarchyLevel>dataset</hierarchyLevel>
            <citation identifier="https://doi.org/10.15468/s7c8qd">Nilsen E B, Vang R, Asbjørnsen E (2018): Tetraonid line transect surveys from Norway: Data from Finnmarkseiendommen (FeFo). v1.2. Norwegian Institute for Nature Research. Dataset/Samplingevent. https://doi.org/10.15468/s7c8qd</citation>
          <resourceLogoUrl>http://data.nina.no:8080/ipt/logo.do?r=line-transect_data_tetraonidae_fefo</resourceLogoUrl>
            <formationPeriod>2000-current. New data published within 2 years after collection</formationPeriod>
          <dc:replaces>c47f13c1-7427-45a0-9f12-237aad351040/v1.2.xml</dc:replaces>
      </gbif>
    </metadata>
  </additionalMetadata>
</eml:eml>
